timestamp,city,aqi,weather_icon,wind_speed,humidity,temperature,pm25,pm10,o3,no2,so2,co
2025-05-01T00:01:19.527027+07:00,Hải Phòng,90,/dl/web/weather/ic-w-10-night-clear-sky-full.svg,5.5 km/h,89%,25.0°C,30.0,N/A,N/A,N/A,N/A,N/A
2025-05-01T01:11:36.424149+07:00,Hải Phòng,99,/dl/web/weather/ic-w-10-night-clear-sky-full.svg,7.4 km/h,89%,25.0°C,35.0,N/A,N/A,N/A,N/A,N/A
2025-05-01T02:01:22.769686+07:00,Hải Phòng,93,/dl/web/weather/ic-w-10-night-clear-sky-full.svg,7.4 km/h,89%,25.0°C,31.5,N/A,N/A,N/A,N/A,N/A
2025-05-01T03:09:38.980282+07:00,Hải Phòng,77,/dl/web/weather/ic-w-10-night-clear-sky-full.svg,5.5 km/h,83%,25.0°C,23.0,N/A,N/A,N/A,N/A,N/A
2025-05-01T04:01:30.318621+07:00,Hải Phòng,85,/dl/web/weather/ic-w-10-night-clear-sky-full.svg,5.5 km/h,83%,25.0°C,27.5,N/A,N/A,N/A,N/A,N/A
2025-05-01T05:01:32.133523+07:00,Hải Phòng,78,/dl/web/weather/ic-w-10-night-clear-sky-full.svg,3.7 km/h,83%,25.0°C,23.5,N/A,N/A,N/A,N/A,N/A
2025-05-01T06:01:30.987499+07:00,Hải Phòng,74,/dl/web/weather/ic-w-10-night-clear-sky-full.svg,3.7 km/h,83%,25.0°C,21.5,N/A,N/A,N/A,N/A,N/A
2025-05-01T07:44:58.433735+07:00,Hải Phòng,80,/dl/web/weather/ic-w-02-new-clouds-full.svg,3.7 km/h,89%,25.0°C,24.5,N/A,N/A,N/A,N/A,N/A
2025-05-01T09:40:22.783613+07:00,Hải Phòng,91,/dl/web/weather/ic-w-06-rain-full.svg,7.4 km/h,94%,25.0°C,30.5,N/A,N/A,N/A,N/A,N/A
2025-05-01T10:39:06.675584+07:00,Hải Phòng,75,/dl/web/weather/ic-w-06-rain-full.svg,20.4 km/h,94%,22.2°C,22.0,N/A,N/A,N/A,N/A,N/A
2025-05-01T11:14:49.265659+07:00,Hải Phòng,56,/dl/web/weather/ic-w-04-scattered-clouds-full.svg,9.2 km/h,94%,22.8°C,12.0,N/A,N/A,N/A,N/A,N/A
2025-05-01T12:01:23.930026+07:00,Hải Phòng,56,/dl/web/weather/ic-w-04-scattered-clouds-full.svg,9.2 km/h,94%,22.8°C,12.0,N/A,N/A,N/A,N/A,N/A
2025-05-01T13:13:09.957018+07:00,Hải Phòng,56,/dl/web/weather/ic-w-01-clear-sky-full.svg,9.2 km/h,74%,27.2°C,12.0,N/A,N/A,N/A,N/A,N/A
2025-05-01T14:01:30.298443+07:00,Hải Phòng,57,/dl/web/weather/ic-w-01-clear-sky-full.svg,9.2 km/h,74%,27.2°C,12.5,N/A,N/A,N/A,N/A,N/A
2025-05-01T15:11:54.247331+07:00,Hải Phòng,62,/dl/web/weather/ic-w-02-new-clouds-full.svg,11.1 km/h,58%,30.0°C,15.0,N/A,N/A,N/A,N/A,N/A
2025-05-01T16:09:15.552205+07:00,Hải Phòng,59,/dl/web/weather/ic-w-02-new-clouds-full.svg,9.2 km/h,62%,28.9°C,13.5,N/A,N/A,N/A,N/A,N/A
2025-05-01T17:01:44.304846+07:00,Hải Phòng,60,/dl/web/weather/ic-w-04-scattered-clouds-full.svg,13.0 km/h,62%,30.0°C,14.0,N/A,N/A,N/A,N/A,N/A
2025-05-01T18:01:23.782813+07:00,Hải Phòng,64,/dl/web/weather/ic-w-04-scattered-clouds-full.svg,13.0 km/h,62%,30.0°C,16.0,N/A,N/A,N/A,N/A,N/A
2025-05-01T19:14:43.589753+07:00,Hải Phòng,72,/dl/web/weather/ic-w-11-night-few-clouds-full.svg,9.2 km/h,69%,27.2°C,20.5,N/A,N/A,N/A,N/A,N/A
2025-05-01T20:19:23.223861+07:00,Hải Phòng,72,/dl/web/weather/ic-w-10-night-clear-sky-full.svg,11.1 km/h,83%,26.1°C,20.5,N/A,N/A,N/A,N/A,N/A
2025-05-01T21:01:35.224462+07:00,Hải Phòng,72,/dl/web/weather/ic-w-10-night-clear-sky-full.svg,5.5 km/h,83%,26.1°C,20.5,N/A,N/A,N/A,N/A,N/A
2025-05-01T22:01:25.858804+07:00,Hải Phòng,73,/dl/web/weather/ic-w-10-night-clear-sky-full.svg,5.5 km/h,83%,26.1°C,21.0,N/A,N/A,N/A,N/A,N/A
2025-05-01T23:10:36.170675+07:00,Hải Phòng,102,/dl/web/weather/ic-w-10-night-clear-sky-full.svg,5.5 km/h,89%,25.0°C,36.0,N/A,N/A,N/A,N/A,N/A
2025-05-02T00:07:51.258765+07:00,Hải Phòng,81,/dl/web/weather/ic-w-04-scattered-clouds-full.svg,3.7 km/h,89%,25.0°C,25.0,N/A,N/A,N/A,N/A,N/A
2025-05-02T01:11:27.756507+07:00,Hải Phòng,90,/dl/web/weather/ic-w-04-scattered-clouds-full.svg,5.5 km/h,94%,23.9°C,30.0,N/A,N/A,N/A,N/A,N/A
2025-05-02T02:01:12.901506+07:00,Hải Phòng,82,/dl/web/weather/ic-w-04-scattered-clouds-full.svg,5.5 km/h,94%,23.9°C,25.5,N/A,N/A,N/A,N/A,N/A
2025-05-02T03:01:18.731792+07:00,Hải Phòng,79,/dl/web/weather/ic-w-10-night-clear-sky-full.svg,3.7 km/h,94%,23.9°C,24.0,N/A,N/A,N/A,N/A,N/A
2025-05-02T04:08:01.632148+07:00,Hải Phòng,83,/dl/web/weather/ic-w-09-mist-full.svg,3.7 km/h,88%,23.9°C,26.5,N/A,N/A,N/A,N/A,N/A
2025-05-02T05:01:42.673690+07:00,Hải Phòng,89,/dl/web/weather/ic-w-11-night-few-clouds-full.svg,3.7 km/h,94%,22.8°C,29.5,N/A,N/A,N/A,N/A,N/A
2025-05-02T06:01:15.710479+07:00,Hải Phòng,107,/dl/web/weather/ic-w-11-night-few-clouds-full.svg,3.7 km/h,94%,22.8°C,38.0,N/A,N/A,N/A,N/A,N/A
2025-05-02T07:39:48.162018+07:00,Hải Phòng,134,/dl/web/weather/ic-w-02-new-clouds-full.svg,1.8 km/h,88%,23.9°C,49.0,N/A,N/A,N/A,N/A,N/A
2025-05-02T09:24:23.839039+07:00,Hải Phòng,147,/dl/web/weather/ic-w-02-new-clouds-full.svg,3.7 km/h,70%,27.8°C,54.0,N/A,N/A,N/A,N/A,N/A
2025-05-02T10:33:29.251607+07:00,Hải Phòng,124,/dl/web/weather/ic-w-01-clear-sky-full.svg,5.5 km/h,70%,27.8°C,45.0,N/A,N/A,N/A,N/A,N/A
2025-05-02T11:01:32.738497+07:00,Hải Phòng,124,/dl/web/weather/ic-w-01-clear-sky-full.svg,5.5 km/h,70%,27.8°C,45.0,N/A,N/A,N/A,N/A,N/A
2025-05-02T12:09:27.514638+07:00,Hải Phòng,81,/dl/web/weather/ic-w-02-new-clouds-full.svg,11.1 km/h,55%,31.1°C,25.0,N/A,N/A,N/A,N/A,N/A
2025-05-02T13:01:13.874548+07:00,Hải Phòng,80,/dl/web/weather/ic-w-02-new-clouds-full.svg,11.1 km/h,55%,31.1°C,24.5,N/A,N/A,N/A,N/A,N/A
2025-05-02T14:01:24.255167+07:00,Hải Phòng,82,/dl/web/weather/ic-w-02-new-clouds-full.svg,14.8 km/h,55%,31.1°C,25.5,N/A,N/A,N/A,N/A,N/A
2025-05-02T15:11:49.593823+07:00,Hải Phòng,81,/dl/web/weather/ic-w-01-clear-sky-full.svg,18.5 km/h,66%,28.9°C,25.0,N/A,N/A,N/A,N/A,N/A
2025-05-02T16:01:34.113231+07:00,Hải Phòng,82,/dl/web/weather/ic-w-01-clear-sky-full.svg,18.5 km/h,66%,28.9°C,26.0,N/A,N/A,N/A,N/A,N/A
2025-05-02T17:08:55.683647+07:00,Hải Phòng,85,/dl/web/weather/ic-w-01-clear-sky-full.svg,18.5 km/h,70%,27.8°C,27.5,N/A,N/A,N/A,N/A,N/A
2025-05-02T18:01:26.187347+07:00,Hải Phòng,78,/dl/web/weather/ic-w-01-clear-sky-full.svg,18.5 km/h,70%,27.8°C,23.5,N/A,N/A,N/A,N/A,N/A
2025-05-02T19:15:29.502962+07:00,Hải Phòng,75,/dl/web/weather/ic-w-10-night-clear-sky-full.svg,13.0 km/h,78%,26.1°C,22.0,N/A,N/A,N/A,N/A,N/A
2025-05-02T20:20:05.681241+07:00,Hải Phòng,79,/dl/web/weather/ic-w-10-night-clear-sky-full.svg,9.2 km/h,78%,26.1°C,24.0,N/A,N/A,N/A,N/A,N/A
2025-05-02T21:08:30.056079+07:00,Hải Phòng,79,/dl/web/weather/ic-w-10-night-clear-sky-full.svg,11.1 km/h,83%,26.1°C,24.0,N/A,N/A,N/A,N/A,N/A
2025-05-02T22:08:39.936396+07:00,Hải Phòng,84,/dl/web/weather/ic-w-10-night-clear-sky-full.svg,9.2 km/h,83%,26.1°C,27.0,N/A,N/A,N/A,N/A,N/A
2025-05-02T23:09:56.806423+07:00,Hải Phòng,97,/dl/web/weather/ic-w-11-night-few-clouds-full.svg,7.4 km/h,89%,25.0°C,34.0,N/A,N/A,N/A,N/A,N/A
2025-05-03T00:01:35.707567+07:00,Hải Phòng,89,/dl/web/weather/ic-w-11-night-few-clouds-full.svg,7.4 km/h,89%,25.0°C,29.5,N/A,N/A,N/A,N/A,N/A
2025-05-03T01:11:31.163648+07:00,Hải Phòng,91,/dl/web/weather/ic-w-04-scattered-clouds-full.svg,5.5 km/h,89%,25.0°C,30.5,N/A,N/A,N/A,N/A,N/A
2025-05-03T02:01:21.070996+07:00,Hải Phòng,94,/dl/web/weather/ic-w-04-scattered-clouds-full.svg,5.5 km/h,89%,25.0°C,32.0,N/A,N/A,N/A,N/A,N/A
2025-05-03T03:01:17.027468+07:00,Hải Phòng,92,/dl/web/weather/ic-w-11-night-few-clouds-full.svg,5.5 km/h,94%,25.0°C,31.0,N/A,N/A,N/A,N/A,N/A
2025-05-03T04:01:34.885149+07:00,Hải Phòng,81,/dl/web/weather/ic-w-04-scattered-clouds-full.svg,3.7 km/h,89%,25.0°C,25.0,N/A,N/A,N/A,N/A,N/A
2025-05-03T05:07:56.650154+07:00,Hải Phòng,71,/dl/web/weather/ic-w-11-night-few-clouds-full.svg,3.7 km/h,94%,25.0°C,20.0,N/A,N/A,N/A,N/A,N/A
2025-05-03T06:01:09.678066+07:00,Hải Phòng,70,/dl/web/weather/ic-w-11-night-few-clouds-full.svg,3.7 km/h,94%,25.0°C,19.5,N/A,N/A,N/A,N/A,N/A
2025-05-03T07:38:48.335600+07:00,Hải Phòng,70,/dl/web/weather/ic-w-04-scattered-clouds-full.svg,9.2 km/h,83%,26.1°C,19.5,N/A,N/A,N/A,N/A,N/A
2025-05-03T09:21:12.933670+07:00,Hải Phòng,69,/dl/web/weather/ic-w-04-scattered-clouds-full.svg,13.0 km/h,78%,27.2°C,18.5,N/A,N/A,N/A,N/A,N/A
2025-05-03T10:29:09.804115+07:00,Hải Phòng,67,/dl/web/weather/ic-w-04-scattered-clouds-full.svg,13.0 km/h,78%,27.2°C,17.5,N/A,N/A,N/A,N/A,N/A
2025-05-03T11:10:06.453969+07:00,Hải Phòng,67,/dl/web/weather/ic-w-04-scattered-clouds-full.svg,20.4 km/h,70%,30.0°C,17.5,N/A,N/A,N/A,N/A,N/A
2025-05-03T12:08:32.920522+07:00,Hải Phòng,67,/dl/web/weather/ic-w-04-scattered-clouds-full.svg,18.5 km/h,74%,28.9°C,17.5,N/A,N/A,N/A,N/A,N/A
2025-05-03T13:10:54.522359+07:00,Hải Phòng,62,/dl/web/weather/ic-w-04-scattered-clouds-full.svg,18.5 km/h,74%,28.9°C,15.0,N/A,N/A,N/A,N/A,N/A
2025-05-03T14:01:23.300731+07:00,Hải Phòng,65,/dl/web/weather/ic-w-04-scattered-clouds-full.svg,18.5 km/h,74%,28.9°C,16.5,N/A,N/A,N/A,N/A,N/A
2025-05-03T15:01:16.097702+07:00,Hải Phòng,66,/dl/web/weather/ic-w-04-scattered-clouds-full.svg,18.5 km/h,70%,28.9°C,17.0,N/A,N/A,N/A,N/A,N/A
2025-05-03T16:08:03.258610+07:00,Hải Phòng,65,/dl/web/weather/ic-w-04-scattered-clouds-full.svg,18.5 km/h,79%,27.8°C,16.5,N/A,N/A,N/A,N/A,N/A
2025-05-03T17:01:17.489200+07:00,Hải Phòng,67,/dl/web/weather/ic-w-04-scattered-clouds-full.svg,18.5 km/h,79%,27.8°C,17.5,N/A,N/A,N/A,N/A,N/A
2025-05-03T18:01:16.340811+07:00,Hải Phòng,65,/dl/web/weather/ic-w-04-scattered-clouds-full.svg,14.8 km/h,74%,27.8°C,16.5,N/A,N/A,N/A,N/A,N/A
2025-05-03T19:13:17.503014+07:00,Hải Phòng,69,/dl/web/weather/ic-w-04-scattered-clouds-full.svg,18.5 km/h,78%,27.2°C,19.0,N/A,N/A,N/A,N/A,N/A
2025-05-03T20:16:32.719952+07:00,Hải Phòng,69,/dl/web/weather/ic-w-04-scattered-clouds-full.svg,13.0 km/h,83%,27.2°C,19.0,N/A,N/A,N/A,N/A,N/A
2025-05-03T21:01:30.155174+07:00,Hải Phòng,69,/dl/web/weather/ic-w-04-scattered-clouds-full.svg,13.0 km/h,83%,27.2°C,19.0,N/A,N/A,N/A,N/A,N/A
2025-05-03T22:01:35.833955+07:00,Hải Phòng,70,/dl/web/weather/ic-w-04-scattered-clouds-full.svg,11.1 km/h,89%,26.1°C,19.5,N/A,N/A,N/A,N/A,N/A
2025-05-03T23:01:20.401256+07:00,Hải Phòng,69,/dl/web/weather/ic-w-04-scattered-clouds-full.svg,11.1 km/h,89%,26.1°C,18.5,N/A,N/A,N/A,N/A,N/A
2025-05-04T00:01:33.870015+07:00,Hải Phòng,69,/dl/web/weather/ic-w-04-scattered-clouds-full.svg,11.1 km/h,89%,26.1°C,18.5,N/A,N/A,N/A,N/A,N/A
2025-05-04T01:10:33.569043+07:00,Hải Phòng,69,/dl/web/weather/ic-w-04-scattered-clouds-full.svg,9.2 km/h,89%,26.1°C,19.0,N/A,N/A,N/A,N/A,N/A
2025-05-04T02:01:24.298434+07:00,Hải Phòng,69,/dl/web/weather/ic-w-04-scattered-clouds-full.svg,9.2 km/h,89%,26.1°C,19.0,N/A,N/A,N/A,N/A,N/A
2025-05-04T03:01:17.463635+07:00,Hải Phòng,70,/dl/web/weather/ic-w-04-scattered-clouds-full.svg,9.2 km/h,89%,26.1°C,19.5,N/A,N/A,N/A,N/A,N/A
2025-05-04T04:02:18.869389+07:00,Hải Phòng,71,/dl/web/weather/ic-w-04-scattered-clouds-full.svg,7.4 km/h,89%,26.1°C,20.0,N/A,N/A,N/A,N/A,N/A
2025-05-04T05:01:22.136340+07:00,Hải Phòng,71,/dl/web/weather/ic-w-04-scattered-clouds-full.svg,7.4 km/h,89%,26.1°C,20.0,N/A,N/A,N/A,N/A,N/A
2025-05-04T06:01:12.319694+07:00,Hải Phòng,69,/dl/web/weather/ic-w-04-scattered-clouds-full.svg,11.1 km/h,89%,26.1°C,19.0,N/A,N/A,N/A,N/A,N/A
2025-05-04T07:44:44.597423+07:00,Hải Phòng,64,/dl/web/weather/ic-w-04-scattered-clouds-full.svg,13.0 km/h,83%,27.2°C,16.0,N/A,N/A,N/A,N/A,N/A
2025-05-04T09:40:17.309966+07:00,Hải Phòng,67,/dl/web/weather/ic-w-04-scattered-clouds-full.svg,13.0 km/h,83%,27.2°C,17.5,N/A,N/A,N/A,N/A,N/A
2025-05-04T10:37:39.132669+07:00,Hải Phòng,65,/dl/web/weather/ic-w-04-scattered-clouds-full.svg,13.0 km/h,79%,27.8°C,16.5,N/A,N/A,N/A,N/A,N/A
2025-05-04T11:12:47.566562+07:00,Hải Phòng,68,/dl/web/weather/ic-w-04-scattered-clouds-full.svg,13.0 km/h,84%,27.8°C,18.0,N/A,N/A,N/A,N/A,N/A
2025-05-04T12:08:42.140381+07:00,Hải Phòng,68,/dl/web/weather/ic-w-04-scattered-clouds-full.svg,13.0 km/h,84%,27.8°C,18.0,N/A,N/A,N/A,N/A,N/A
2025-05-04T13:11:31.821943+07:00,Hải Phòng,69,/dl/web/weather/ic-w-04-scattered-clouds-full.svg,18.5 km/h,84%,28.9°C,19.0,N/A,N/A,N/A,N/A,N/A
2025-05-04T14:07:57.775317+07:00,Hải Phòng,66,/dl/web/weather/ic-w-04-scattered-clouds-full.svg,18.5 km/h,79%,30.0°C,17.0,N/A,N/A,N/A,N/A,N/A
2025-05-04T15:01:18.159101+07:00,Hải Phòng,69,/dl/web/weather/ic-w-04-scattered-clouds-full.svg,18.5 km/h,79%,30.0°C,18.5,N/A,N/A,N/A,N/A,N/A
2025-05-04T16:01:31.432365+07:00,Hải Phòng,69,/dl/web/weather/ic-w-04-scattered-clouds-full.svg,18.5 km/h,79%,28.9°C,18.5,N/A,N/A,N/A,N/A,N/A
2025-05-04T17:01:47.377735+07:00,Hải Phòng,71,/dl/web/weather/ic-w-07-thunderstorms-full.svg,9.2 km/h,89%,27.2°C,20.0,N/A,N/A,N/A,N/A,N/A
2025-05-04T18:01:33.221590+07:00,Hải Phòng,78,/dl/web/weather/ic-w-04-scattered-clouds-full.svg,16.7 km/h,89%,27.2°C,23.5,N/A,N/A,N/A,N/A,N/A
2025-05-04T19:13:55.317293+07:00,Hải Phòng,82,/dl/web/weather/ic-w-04-scattered-clouds-full.svg,14.8 km/h,89%,27.2°C,26.0,N/A,N/A,N/A,N/A,N/A
2025-05-04T20:16:49.654936+07:00,Hải Phòng,74,/dl/web/weather/ic-w-04-scattered-clouds-full.svg,13.0 km/h,89%,27.2°C,21.5,N/A,N/A,N/A,N/A,N/A
2025-05-04T21:01:19.513793+07:00,Hải Phòng,74,/dl/web/weather/ic-w-04-scattered-clouds-full.svg,13.0 km/h,89%,27.2°C,21.5,N/A,N/A,N/A,N/A,N/A
2025-05-04T22:01:32.195089+07:00,Hải Phòng,71,/dl/web/weather/ic-w-04-scattered-clouds-full.svg,13.0 km/h,89%,27.2°C,20.0,N/A,N/A,N/A,N/A,N/A
2025-05-04T23:01:26.792659+07:00,Hải Phòng,69,/dl/web/weather/ic-w-04-scattered-clouds-full.svg,16.7 km/h,89%,27.2°C,19.0,N/A,N/A,N/A,N/A,N/A
2025-05-05T00:01:13.883170+07:00,Hải Phòng,68,/dl/web/weather/ic-w-04-scattered-clouds-full.svg,13.0 km/h,89%,27.2°C,18.0,N/A,N/A,N/A,N/A,N/A
2025-05-05T01:10:12.550353+07:00,Hải Phòng,69,/dl/web/weather/ic-w-04-scattered-clouds-full.svg,11.1 km/h,89%,27.2°C,19.0,N/A,N/A,N/A,N/A,N/A
2025-05-05T02:01:31.731690+07:00,Hải Phòng,69,/dl/web/weather/ic-w-11-night-few-clouds-full.svg,3.7 km/h,94%,26.1°C,19.0,N/A,N/A,N/A,N/A,N/A
2025-05-05T03:01:22.569656+07:00,Hải Phòng,69,/dl/web/weather/ic-w-11-night-few-clouds-full.svg,3.7 km/h,94%,26.1°C,19.0,N/A,N/A,N/A,N/A,N/A
2025-05-05T04:01:33.825116+07:00,Hải Phòng,73,/dl/web/weather/ic-w-04-scattered-clouds-full.svg,7.4 km/h,94%,26.1°C,21.0,N/A,N/A,N/A,N/A,N/A
2025-05-05T05:01:25.028092+07:00,Hải Phòng,76,/dl/web/weather/ic-w-04-scattered-clouds-full.svg,9.2 km/h,94%,26.1°C,22.5,N/A,N/A,N/A,N/A,N/A
2025-05-05T06:01:18.283772+07:00,Hải Phòng,81,/dl/web/weather/ic-w-04-scattered-clouds-full.svg,14.8 km/h,94%,26.1°C,25.0,N/A,N/A,N/A,N/A,N/A
2025-05-05T07:43:06.988052+07:00,Hải Phòng,73,/dl/web/weather/ic-w-04-scattered-clouds-full.svg,11.1 km/h,89%,27.2°C,21.0,N/A,N/A,N/A,N/A,N/A
2025-05-05T09:28:21.076458+07:00,Hải Phòng,67,/dl/web/weather/ic-w-04-scattered-clouds-full.svg,16.7 km/h,84%,27.8°C,17.5,N/A,N/A,N/A,N/A,N/A
2025-05-05T10:36:04.208127+07:00,Hải Phòng,66,/dl/web/weather/ic-w-04-scattered-clouds-full.svg,16.7 km/h,79%,28.9°C,17.0,N/A,N/A,N/A,N/A,N/A
2025-05-05T11:12:48.491310+07:00,Hải Phòng,70,/dl/web/weather/ic-w-04-scattered-clouds-full.svg,16.7 km/h,79%,28.9°C,19.5,N/A,N/A,N/A,N/A,N/A
2025-05-05T12:01:33.064272+07:00,Hải Phòng,69,/dl/web/weather/ic-w-04-scattered-clouds-full.svg,16.7 km/h,79%,28.9°C,18.5,N/A,N/A,N/A,N/A,N/A
2025-05-05T13:13:30.497530+07:00,Hải Phòng,68,/dl/web/weather/ic-w-04-scattered-clouds-full.svg,20.4 km/h,74%,30.0°C,18.0,N/A,N/A,N/A,N/A,N/A
2025-05-05T14:01:25.670638+07:00,Hải Phòng,69,/dl/web/weather/ic-w-04-scattered-clouds-full.svg,20.4 km/h,74%,30.0°C,18.5,N/A,N/A,N/A,N/A,N/A
2025-05-05T15:13:14.005940+07:00,Hải Phòng,68,/dl/web/weather/ic-w-04-scattered-clouds-full.svg,18.5 km/h,70%,31.1°C,18.0,N/A,N/A,N/A,N/A,N/A
2025-05-05T16:10:16.093602+07:00,Hải Phòng,69,/dl/web/weather/ic-w-02-new-clouds-full.svg,18.5 km/h,74%,30.0°C,19.0,N/A,N/A,N/A,N/A,N/A
2025-05-05T17:01:39.865405+07:00,Hải Phòng,69,/dl/web/weather/ic-w-01-clear-sky-full.svg,18.5 km/h,74%,30.0°C,19.0,N/A,N/A,N/A,N/A,N/A
2025-05-05T18:01:17.706867+07:00,Hải Phòng,69,/dl/web/weather/ic-w-01-clear-sky-full.svg,18.5 km/h,74%,30.0°C,19.0,N/A,N/A,N/A,N/A,N/A
2025-05-05T19:15:16.708598+07:00,Hải Phòng,79,/dl/web/weather/ic-w-11-night-few-clouds-full.svg,13.0 km/h,89%,27.2°C,24.0,N/A,N/A,N/A,N/A,N/A
2025-05-05T20:21:45.966742+07:00,Hải Phòng,69,/dl/web/weather/ic-w-04-scattered-clouds-full.svg,16.7 km/h,89%,27.2°C,19.0,N/A,N/A,N/A,N/A,N/A
2025-05-05T22:09:04.749229+07:00,Hải Phòng,68,/dl/web/weather/ic-w-12-night-rain-full.svg,11.1 km/h,89%,27.2°C,18.0,N/A,N/A,N/A,N/A,N/A
2025-05-05T23:11:06.339191+07:00,Hải Phòng,64,/dl/web/weather/ic-w-12-night-rain-full.svg,11.1 km/h,89%,27.2°C,16.0,N/A,N/A,N/A,N/A,N/A
2025-05-06T00:01:16.564642+07:00,Hải Phòng,63,/dl/web/weather/ic-w-12-night-rain-full.svg,11.1 km/h,89%,27.2°C,15.5,N/A,N/A,N/A,N/A,N/A
2025-05-06T01:10:02.624493+07:00,Hải Phòng,66,/dl/web/weather/ic-w-12-night-rain-full.svg,3.7 km/h,89%,27.2°C,17.0,N/A,N/A,N/A,N/A,N/A
2025-05-06T02:01:44.046689+07:00,Hải Phòng,63,/dl/web/weather/ic-w-04-scattered-clouds-full.svg,7.4 km/h,89%,27.2°C,15.5,N/A,N/A,N/A,N/A,N/A
2025-05-06T03:09:40.025571+07:00,Hải Phòng,71,/dl/web/weather/ic-w-04-scattered-clouds-full.svg,7.4 km/h,89%,27.2°C,20.0,N/A,N/A,N/A,N/A,N/A
2025-05-06T04:01:32.204782+07:00,Hải Phòng,60,/dl/web/weather/ic-w-11-night-few-clouds-full.svg,14.8 km/h,89%,27.2°C,14.0,N/A,N/A,N/A,N/A,N/A
2025-05-06T05:08:18.502321+07:00,Hải Phòng,71,/dl/web/weather/ic-w-11-night-few-clouds-full.svg,11.1 km/h,89%,27.2°C,20.0,N/A,N/A,N/A,N/A,N/A
2025-05-06T06:01:18.384459+07:00,Hải Phòng,64,/dl/web/weather/ic-w-11-night-few-clouds-full.svg,11.1 km/h,89%,27.2°C,16.0,N/A,N/A,N/A,N/A,N/A
2025-05-06T07:40:20.464642+07:00,Hải Phòng,57,/dl/web/weather/ic-w-04-scattered-clouds-full.svg,14.8 km/h,89%,27.2°C,12.5,N/A,N/A,N/A,N/A,N/A
2025-05-06T09:25:14.574312+07:00,Hải Phòng,58,/dl/web/weather/ic-w-02-new-clouds-full.svg,14.8 km/h,79%,27.8°C,13.0,N/A,N/A,N/A,N/A,N/A
2025-05-06T10:32:52.643038+07:00,Hải Phòng,55,/dl/web/weather/ic-w-02-new-clouds-full.svg,13.0 km/h,70%,30.0°C,11.5,N/A,N/A,N/A,N/A,N/A
2025-05-06T11:11:24.070108+07:00,Hải Phòng,56,/dl/web/weather/ic-w-04-scattered-clouds-full.svg,13.0 km/h,74%,28.9°C,12.0,N/A,N/A,N/A,N/A,N/A
2025-05-06T12:01:23.511537+07:00,Hải Phòng,54,/dl/web/weather/ic-w-04-scattered-clouds-full.svg,13.0 km/h,74%,28.9°C,10.5,N/A,N/A,N/A,N/A,N/A
2025-05-06T13:12:42.293396+07:00,Hải Phòng,53,/dl/web/weather/ic-w-04-scattered-clouds-full.svg,16.7 km/h,74%,28.9°C,10.0,N/A,N/A,N/A,N/A,N/A
2025-05-06T14:01:20.154523+07:00,Hải Phòng,52,/dl/web/weather/ic-w-04-scattered-clouds-full.svg,16.7 km/h,74%,28.9°C,9.5,N/A,N/A,N/A,N/A,N/A
2025-05-06T15:12:55.594598+07:00,Hải Phòng,58,/dl/web/weather/ic-w-04-scattered-clouds-full.svg,16.7 km/h,74%,28.9°C,13.0,N/A,N/A,N/A,N/A,N/A
2025-05-06T16:09:39.156424+07:00,Hải Phòng,63,/dl/web/weather/ic-w-04-scattered-clouds-full.svg,16.7 km/h,79%,28.9°C,15.5,N/A,N/A,N/A,N/A,N/A
2025-05-06T17:09:37.326652+07:00,Hải Phòng,79,/dl/web/weather/ic-w-04-scattered-clouds-full.svg,18.5 km/h,84%,27.8°C,24.0,N/A,N/A,N/A,N/A,N/A
2025-05-06T18:01:34.775030+07:00,Hải Phòng,71,/dl/web/weather/ic-w-04-scattered-clouds-full.svg,20.4 km/h,84%,27.8°C,20.0,N/A,N/A,N/A,N/A,N/A
2025-05-06T19:16:44.657199+07:00,Hải Phòng,63,/dl/web/weather/ic-w-04-scattered-clouds-full.svg,18.5 km/h,89%,27.2°C,15.5,N/A,N/A,N/A,N/A,N/A
2025-05-06T20:23:50.111938+07:00,Hải Phòng,61,/dl/web/weather/ic-w-04-scattered-clouds-full.svg,18.5 km/h,89%,27.2°C,14.5,N/A,N/A,N/A,N/A,N/A
2025-05-06T21:01:30.342459+07:00,Hải Phòng,61,/dl/web/weather/ic-w-04-scattered-clouds-full.svg,18.5 km/h,89%,27.2°C,14.5,N/A,N/A,N/A,N/A,N/A
2025-05-06T22:10:49.857624+07:00,Hải Phòng,65,/dl/web/weather/ic-w-04-scattered-clouds-full.svg,18.5 km/h,89%,27.2°C,16.5,N/A,N/A,N/A,N/A,N/A
2025-05-06T23:10:24.485053+07:00,Hải Phòng,69,/dl/web/weather/ic-w-04-scattered-clouds-full.svg,13.0 km/h,89%,27.2°C,19.0,N/A,N/A,N/A,N/A,N/A
2025-05-07T00:01:45.346268+07:00,Hải Phòng,63,/dl/web/weather/ic-w-04-scattered-clouds-full.svg,14.8 km/h,89%,27.2°C,15.5,N/A,N/A,N/A,N/A,N/A
2025-05-07T01:11:52.255923+07:00,Hải Phòng,58,/dl/web/weather/ic-w-04-scattered-clouds-full.svg,14.8 km/h,89%,27.2°C,13.0,N/A,N/A,N/A,N/A,N/A
2025-05-07T02:01:21.241316+07:00,Hải Phòng,59,/dl/web/weather/ic-w-04-scattered-clouds-full.svg,14.8 km/h,89%,27.2°C,13.5,N/A,N/A,N/A,N/A,N/A
2025-05-07T03:10:04.256109+07:00,Hải Phòng,56,/dl/web/weather/ic-w-04-scattered-clouds-full.svg,11.1 km/h,89%,27.2°C,12.0,N/A,N/A,N/A,N/A,N/A
2025-05-07T04:01:32.777234+07:00,Hải Phòng,56,/dl/web/weather/ic-w-04-scattered-clouds-full.svg,11.1 km/h,89%,27.2°C,12.0,N/A,N/A,N/A,N/A,N/A
2025-05-07T07:40:20.454974+07:00,Hải Phòng,54,/dl/web/weather/ic-w-04-scattered-clouds-full.svg,13.0 km/h,89%,27.2°C,10.5,N/A,N/A,N/A,N/A,N/A
2025-05-07T09:26:10.756766+07:00,Hải Phòng,58,/dl/web/weather/ic-w-04-scattered-clouds-full.svg,16.7 km/h,79%,28.9°C,13.0,N/A,N/A,N/A,N/A,N/A
2025-05-07T10:34:20.118063+07:00,Hải Phòng,59,/dl/web/weather/ic-w-04-scattered-clouds-full.svg,16.7 km/h,79%,28.9°C,13.5,N/A,N/A,N/A,N/A,N/A
2025-05-07T11:11:43.523700+07:00,Hải Phòng,55,/dl/web/weather/ic-w-04-scattered-clouds-full.svg,18.5 km/h,79%,28.9°C,11.0,N/A,N/A,N/A,N/A,N/A
2025-05-07T12:01:26.932422+07:00,Hải Phòng,67,/dl/web/weather/ic-w-04-scattered-clouds-full.svg,16.7 km/h,79%,28.9°C,17.5,N/A,N/A,N/A,N/A,N/A
2025-05-07T13:12:46.367209+07:00,Hải Phòng,69,/dl/web/weather/ic-w-04-scattered-clouds-full.svg,16.7 km/h,74%,30.0°C,19.0,N/A,N/A,N/A,N/A,N/A
2025-05-07T14:09:21.291452+07:00,Hải Phòng,71,/dl/web/weather/ic-w-04-scattered-clouds-full.svg,16.7 km/h,74%,30.0°C,20.0,N/A,N/A,N/A,N/A,N/A
2025-05-07T15:13:07.971995+07:00,Hải Phòng,69,/dl/web/weather/ic-w-04-scattered-clouds-full.svg,16.7 km/h,84%,28.9°C,19.0,N/A,N/A,N/A,N/A,N/A
2025-05-07T16:02:21.482401+07:00,Hải Phòng,74,/dl/web/weather/ic-w-04-scattered-clouds-full.svg,20.4 km/h,84%,28.9°C,21.5,N/A,N/A,N/A,N/A,N/A
2025-05-07T17:01:34.694128+07:00,Hải Phòng,74,/dl/web/weather/ic-w-04-scattered-clouds-full.svg,20.4 km/h,89%,27.8°C,21.5,N/A,N/A,N/A,N/A,N/A
2025-05-07T18:01:26.122853+07:00,Hải Phòng,88,/dl/web/weather/ic-w-04-scattered-clouds-full.svg,20.4 km/h,89%,27.8°C,29.0,N/A,N/A,N/A,N/A,N/A
2025-05-07T19:16:15.269232+07:00,Hải Phòng,74,/dl/web/weather/ic-w-12-night-rain-full.svg,16.7 km/h,84%,27.8°C,21.5,N/A,N/A,N/A,N/A,N/A
2025-05-07T20:25:00.269859+07:00,Hải Phòng,74,/dl/web/weather/ic-w-04-scattered-clouds-full.svg,16.7 km/h,89%,27.2°C,21.5,N/A,N/A,N/A,N/A,N/A
2025-05-07T21:01:51.226661+07:00,Hải Phòng,74,/dl/web/weather/ic-w-04-scattered-clouds-full.svg,16.7 km/h,89%,27.2°C,21.5,N/A,N/A,N/A,N/A,N/A
2025-05-07T22:09:14.341781+07:00,Hải Phòng,73,/dl/web/weather/ic-w-12-night-rain-full.svg,14.8 km/h,84%,27.8°C,21.0,N/A,N/A,N/A,N/A,N/A
2025-05-07T23:10:41.816132+07:00,Hải Phòng,73,/dl/web/weather/ic-w-12-night-rain-full.svg,13.0 km/h,89%,27.2°C,21.0,N/A,N/A,N/A,N/A,N/A
2025-05-08T00:08:11.525691+07:00,Hải Phòng,73,/dl/web/weather/ic-w-12-night-rain-full.svg,13.0 km/h,89%,27.2°C,21.0,N/A,N/A,N/A,N/A,N/A
2025-05-08T01:12:22.783498+07:00,Hải Phòng,68,/dl/web/weather/ic-w-12-night-rain-full.svg,14.8 km/h,94%,27.2°C,18.0,N/A,N/A,N/A,N/A,N/A
2025-05-08T02:01:33.924355+07:00,Hải Phòng,68,/dl/web/weather/ic-w-12-night-rain-full.svg,16.7 km/h,89%,27.8°C,18.0,N/A,N/A,N/A,N/A,N/A
2025-05-08T03:01:41.808548+07:00,Hải Phòng,66,/dl/web/weather/ic-w-12-night-rain-full.svg,14.8 km/h,84%,27.8°C,17.0,N/A,N/A,N/A,N/A,N/A
2025-05-08T04:01:27.794513+07:00,Hải Phòng,67,/dl/web/weather/ic-w-12-night-rain-full.svg,14.8 km/h,84%,27.8°C,17.5,N/A,N/A,N/A,N/A,N/A
2025-05-08T05:01:32.619364+07:00,Hải Phòng,64,/dl/web/weather/ic-w-04-scattered-clouds-full.svg,16.7 km/h,89%,27.2°C,16.0,N/A,N/A,N/A,N/A,N/A
2025-05-08T06:01:34.125356+07:00,Hải Phòng,62,/dl/web/weather/ic-w-04-scattered-clouds-full.svg,14.8 km/h,89%,27.2°C,15.0,N/A,N/A,N/A,N/A,N/A
2025-05-08T07:40:57.869772+07:00,Hải Phòng,63,/dl/web/weather/ic-w-06-rain-full.svg,14.8 km/h,84%,27.8°C,15.5,N/A,N/A,N/A,N/A,N/A
2025-05-08T09:27:00.657536+07:00,Hải Phòng,68,/dl/web/weather/ic-w-04-scattered-clouds-full.svg,22.2 km/h,79%,28.9°C,18.0,N/A,N/A,N/A,N/A,N/A
2025-05-08T10:35:07.614203+07:00,Hải Phòng,69,/dl/web/weather/ic-w-04-scattered-clouds-full.svg,20.4 km/h,79%,30.0°C,18.5,N/A,N/A,N/A,N/A,N/A
2025-05-08T11:12:45.677499+07:00,Hải Phòng,73,/dl/web/weather/ic-w-04-scattered-clouds-full.svg,20.4 km/h,70%,31.1°C,21.0,N/A,N/A,N/A,N/A,N/A
2025-05-08T12:01:11.882226+07:00,Hải Phòng,71,/dl/web/weather/ic-w-04-scattered-clouds-full.svg,20.4 km/h,70%,31.1°C,20.0,N/A,N/A,N/A,N/A,N/A
2025-05-08T13:12:56.293624+07:00,Hải Phòng,72,/dl/web/weather/ic-w-04-scattered-clouds-full.svg,22.2 km/h,70%,31.1°C,20.5,N/A,N/A,N/A,N/A,N/A
2025-05-08T14:01:22.028815+07:00,Hải Phòng,73,/dl/web/weather/ic-w-04-scattered-clouds-full.svg,22.2 km/h,70%,31.1°C,21.0,N/A,N/A,N/A,N/A,N/A
2025-05-08T15:01:30.623791+07:00,Hải Phòng,76,/dl/web/weather/ic-w-04-scattered-clouds-full.svg,20.4 km/h,74%,31.1°C,22.5,N/A,N/A,N/A,N/A,N/A
2025-05-08T16:01:19.573605+07:00,Hải Phòng,77,/dl/web/weather/ic-w-04-scattered-clouds-full.svg,18.5 km/h,74%,31.1°C,23.0,N/A,N/A,N/A,N/A,N/A
2025-05-08T17:01:33.139571+07:00,Hải Phòng,76,/dl/web/weather/ic-w-04-scattered-clouds-full.svg,18.5 km/h,84%,28.9°C,22.5,N/A,N/A,N/A,N/A,N/A
2025-05-08T18:01:16.752418+07:00,Hải Phòng,77,/dl/web/weather/ic-w-04-scattered-clouds-full.svg,18.5 km/h,84%,28.9°C,23.0,N/A,N/A,N/A,N/A,N/A
2025-05-08T19:15:09.974031+07:00,Hải Phòng,76,/dl/web/weather/ic-w-04-scattered-clouds-full.svg,16.7 km/h,89%,27.8°C,22.5,N/A,N/A,N/A,N/A,N/A
2025-05-08T20:23:05.694879+07:00,Hải Phòng,74,/dl/web/weather/ic-w-04-scattered-clouds-full.svg,16.7 km/h,89%,27.8°C,21.5,N/A,N/A,N/A,N/A,N/A
2025-05-08T21:01:20.683784+07:00,Hải Phòng,74,/dl/web/weather/ic-w-04-scattered-clouds-full.svg,16.7 km/h,89%,27.8°C,21.5,N/A,N/A,N/A,N/A,N/A
2025-05-08T23:10:26.060605+07:00,Hải Phòng,71,/dl/web/weather/ic-w-04-scattered-clouds-full.svg,14.8 km/h,89%,27.8°C,20.0,N/A,N/A,N/A,N/A,N/A
2025-05-09T00:01:37.786262+07:00,Hải Phòng,71,/dl/web/weather/ic-w-04-scattered-clouds-full.svg,18.5 km/h,89%,27.8°C,20.0,N/A,N/A,N/A,N/A,N/A
2025-05-09T01:11:43.465679+07:00,Hải Phòng,69,/dl/web/weather/ic-w-04-scattered-clouds-full.svg,11.1 km/h,89%,27.8°C,19.0,N/A,N/A,N/A,N/A,N/A
2025-05-09T02:01:31.933177+07:00,Hải Phòng,71,/dl/web/weather/ic-w-04-scattered-clouds-full.svg,11.1 km/h,84%,27.8°C,20.0,N/A,N/A,N/A,N/A,N/A
2025-05-09T03:10:03.965085+07:00,Hải Phòng,70,/dl/web/weather/ic-w-04-scattered-clouds-full.svg,14.8 km/h,89%,27.2°C,19.5,N/A,N/A,N/A,N/A,N/A
2025-05-09T04:01:35.164572+07:00,Hải Phòng,71,/dl/web/weather/ic-w-04-scattered-clouds-full.svg,9.2 km/h,89%,27.2°C,20.0,N/A,N/A,N/A,N/A,N/A
2025-05-09T05:08:00.879693+07:00,Hải Phòng,73,/dl/web/weather/ic-w-04-scattered-clouds-full.svg,11.1 km/h,89%,27.2°C,21.0,N/A,N/A,N/A,N/A,N/A
2025-05-09T06:01:40.144841+07:00,Hải Phòng,78,/dl/web/weather/ic-w-04-scattered-clouds-full.svg,11.1 km/h,89%,27.2°C,23.5,N/A,N/A,N/A,N/A,N/A
2025-05-09T07:40:32.995257+07:00,Hải Phòng,72,/dl/web/weather/ic-w-04-scattered-clouds-full.svg,11.1 km/h,89%,27.8°C,20.5,N/A,N/A,N/A,N/A,N/A
2025-05-09T09:26:04.588601+07:00,Hải Phòng,71,/dl/web/weather/ic-w-04-scattered-clouds-full.svg,11.1 km/h,79%,28.9°C,20.0,N/A,N/A,N/A,N/A,N/A
2025-05-09T10:34:19.540090+07:00,Hải Phòng,70,/dl/web/weather/ic-w-04-scattered-clouds-full.svg,14.8 km/h,79%,28.9°C,19.5,N/A,N/A,N/A,N/A,N/A
2025-05-09T11:12:03.908772+07:00,Hải Phòng,79,/dl/web/weather/ic-w-04-scattered-clouds-full.svg,14.8 km/h,74%,30.0°C,24.0,N/A,N/A,N/A,N/A,N/A
2025-05-09T12:09:23.589905+07:00,Hải Phòng,69,/dl/web/weather/ic-w-02-new-clouds-full.svg,16.7 km/h,74%,31.1°C,18.5,N/A,N/A,N/A,N/A,N/A
2025-05-09T13:13:10.956727+07:00,Hải Phòng,66,/dl/web/weather/ic-w-01-clear-sky-full.svg,20.4 km/h,70%,31.1°C,17.0,N/A,N/A,N/A,N/A,N/A
2025-05-09T14:09:15.184864+07:00,Hải Phòng,84,/dl/web/weather/ic-w-01-clear-sky-full.svg,16.7 km/h,74%,31.1°C,27.0,N/A,N/A,N/A,N/A,N/A
2025-05-09T15:12:08.582744+07:00,Hải Phòng,69,/dl/web/weather/ic-w-01-clear-sky-full.svg,18.5 km/h,74%,31.1°C,19.0,N/A,N/A,N/A,N/A,N/A
2025-05-09T16:09:19.319503+07:00,Hải Phòng,117,/dl/web/weather/ic-w-04-scattered-clouds-full.svg,22.2 km/h,74%,30.0°C,42.0,N/A,N/A,N/A,N/A,N/A
2025-05-09T18:01:22.457111+07:00,Hải Phòng,80,/dl/web/weather/ic-w-04-scattered-clouds-full.svg,20.4 km/h,79%,28.9°C,24.5,N/A,N/A,N/A,N/A,N/A
2025-05-09T19:14:51.097362+07:00,Hải Phòng,73,/dl/web/weather/ic-w-10-night-clear-sky-full.svg,13.0 km/h,78%,27.2°C,21.0,N/A,N/A,N/A,N/A,N/A
2025-05-09T20:21:08.779058+07:00,Hải Phòng,63,/dl/web/weather/ic-w-04-scattered-clouds-full.svg,16.7 km/h,70%,27.8°C,15.5,N/A,N/A,N/A,N/A,N/A
2025-05-09T21:01:18.240713+07:00,Hải Phòng,63,/dl/web/weather/ic-w-04-scattered-clouds-full.svg,16.7 km/h,70%,27.8°C,15.5,N/A,N/A,N/A,N/A,N/A
2025-05-09T22:01:32.965641+07:00,Hải Phòng,58,/dl/web/weather/ic-w-04-scattered-clouds-full.svg,18.5 km/h,65%,27.8°C,13.0,N/A,N/A,N/A,N/A,N/A
2025-05-09T23:10:05.874324+07:00,Hải Phòng,71,/dl/web/weather/ic-w-11-night-few-clouds-full.svg,22.2 km/h,65%,27.8°C,20.0,N/A,N/A,N/A,N/A,N/A
2025-05-10T00:01:26.104806+07:00,Hải Phòng,58,/dl/web/weather/ic-w-11-night-few-clouds-full.svg,22.2 km/h,65%,27.8°C,13.0,N/A,N/A,N/A,N/A,N/A
2025-05-10T01:11:24.759734+07:00,Hải Phòng,57,/dl/web/weather/ic-w-10-night-clear-sky-full.svg,18.5 km/h,74%,27.2°C,12.5,N/A,N/A,N/A,N/A,N/A
2025-05-10T02:01:16.499957+07:00,Hải Phòng,57,/dl/web/weather/ic-w-10-night-clear-sky-full.svg,18.5 km/h,74%,27.2°C,12.5,N/A,N/A,N/A,N/A,N/A
2025-05-10T03:09:47.973013+07:00,Hải Phòng,57,/dl/web/weather/ic-w-10-night-clear-sky-full.svg,16.7 km/h,69%,27.2°C,12.5,N/A,N/A,N/A,N/A,N/A
2025-05-10T04:01:18.488617+07:00,Hải Phòng,58,/dl/web/weather/ic-w-10-night-clear-sky-full.svg,16.7 km/h,69%,27.2°C,13.0,N/A,N/A,N/A,N/A,N/A
2025-05-10T05:01:32.007519+07:00,Hải Phòng,65,/dl/web/weather/ic-w-04-scattered-clouds-full.svg,11.1 km/h,69%,27.2°C,16.5,N/A,N/A,N/A,N/A,N/A
2025-05-10T06:01:12.730133+07:00,Hải Phòng,57,/dl/web/weather/ic-w-04-scattered-clouds-full.svg,11.1 km/h,69%,27.2°C,12.5,N/A,N/A,N/A,N/A,N/A
2025-05-10T07:38:26.684198+07:00,Hải Phòng,67,/dl/web/weather/ic-w-01-clear-sky-full.svg,13.0 km/h,74%,27.2°C,17.5,N/A,N/A,N/A,N/A,N/A
2025-05-10T09:21:11.107556+07:00,Hải Phòng,67,/dl/web/weather/ic-w-02-new-clouds-full.svg,9.2 km/h,70%,27.8°C,17.5,N/A,N/A,N/A,N/A,N/A
2025-05-10T10:29:30.762780+07:00,Hải Phòng,66,/dl/web/weather/ic-w-04-scattered-clouds-full.svg,7.4 km/h,66%,28.9°C,17.0,N/A,N/A,N/A,N/A,N/A
2025-05-10T11:01:31.405334+07:00,Hải Phòng,66,/dl/web/weather/ic-w-04-scattered-clouds-full.svg,7.4 km/h,66%,28.9°C,17.0,N/A,N/A,N/A,N/A,N/A
2025-05-10T12:01:21.011848+07:00,Hải Phòng,66,/dl/web/weather/ic-w-04-scattered-clouds-full.svg,5.5 km/h,70%,27.8°C,17.0,N/A,N/A,N/A,N/A,N/A
2025-05-10T13:01:15.167855+07:00,Hải Phòng,70,/dl/web/weather/ic-w-04-scattered-clouds-full.svg,5.5 km/h,66%,28.9°C,19.5,N/A,N/A,N/A,N/A,N/A
2025-05-10T14:01:19.208760+07:00,Hải Phòng,86,/dl/web/weather/ic-w-04-scattered-clouds-full.svg,7.4 km/h,70%,28.9°C,28.0,N/A,N/A,N/A,N/A,N/A
2025-05-10T15:10:11.777466+07:00,Hải Phòng,107,/dl/web/weather/ic-w-04-scattered-clouds-full.svg,11.1 km/h,70%,28.9°C,38.0,N/A,N/A,N/A,N/A,N/A
2025-05-10T16:01:18.810568+07:00,Hải Phòng,98,/dl/web/weather/ic-w-04-scattered-clouds-full.svg,11.1 km/h,70%,28.9°C,34.5,N/A,N/A,N/A,N/A,N/A
2025-05-10T17:01:21.799026+07:00,Hải Phòng,95,/dl/web/weather/ic-w-04-scattered-clouds-full.svg,11.1 km/h,70%,28.9°C,32.5,N/A,N/A,N/A,N/A,N/A
2025-05-10T18:01:15.417491+07:00,Hải Phòng,96,/dl/web/weather/ic-w-04-scattered-clouds-full.svg,11.1 km/h,79%,27.8°C,33.5,N/A,N/A,N/A,N/A,N/A
2025-05-10T19:13:28.553022+07:00,Hải Phòng,110,/dl/web/weather/ic-w-12-night-rain-full.svg,13.0 km/h,78%,27.2°C,39.0,N/A,N/A,N/A,N/A,N/A
2025-05-10T20:16:56.613739+07:00,Hải Phòng,96,/dl/web/weather/ic-w-12-night-rain-full.svg,13.0 km/h,78%,27.2°C,33.5,N/A,N/A,N/A,N/A,N/A
2025-05-10T22:01:27.236239+07:00,Hải Phòng,75,/dl/web/weather/ic-w-12-night-rain-full.svg,14.8 km/h,88%,23.9°C,22.0,N/A,N/A,N/A,N/A,N/A
2025-05-10T23:08:38.025503+07:00,Hải Phòng,47,/dl/web/weather/ic-w-12-night-rain-full.svg,9.2 km/h,88%,22.8°C,8.5,N/A,N/A,N/A,N/A,N/A
2025-05-11T00:01:03.185468+07:00,Hải Phòng,50,/dl/web/weather/ic-w-12-night-rain-full.svg,9.2 km/h,88%,22.8°C,9.0,N/A,N/A,N/A,N/A,N/A
2025-05-11T01:09:54.334306+07:00,Hải Phòng,53,/dl/web/weather/ic-w-12-night-rain-full.svg,16.7 km/h,94%,21.1°C,10.0,N/A,N/A,N/A,N/A,N/A
2025-05-11T02:01:35.525816+07:00,Hải Phòng,42,/dl/web/weather/ic-w-12-night-rain-full.svg,11.1 km/h,94%,21.1°C,7.5,N/A,N/A,N/A,N/A,N/A
2025-05-11T03:01:16.305057+07:00,Hải Phòng,36,/dl/web/weather/ic-w-12-night-rain-full.svg,11.1 km/h,94%,21.1°C,6.5,N/A,N/A,N/A,N/A,N/A
2025-05-11T04:01:11.455047+07:00,Hải Phòng,42,/dl/web/weather/ic-w-12-night-rain-full.svg,7.4 km/h,94%,21.1°C,7.5,N/A,N/A,N/A,N/A,N/A
2025-05-11T05:01:07.207916+07:00,Hải Phòng,36,/dl/web/weather/ic-w-12-night-rain-full.svg,7.4 km/h,94%,21.1°C,6.5,N/A,N/A,N/A,N/A,N/A
2025-05-11T06:01:37.960248+07:00,Hải Phòng,47,/dl/web/weather/ic-w-04-scattered-clouds-full.svg,11.1 km/h,88%,21.1°C,8.5,N/A,N/A,N/A,N/A,N/A
2025-05-11T07:43:37.802444+07:00,Hải Phòng,33,/dl/web/weather/ic-w-04-scattered-clouds-full.svg,14.8 km/h,88%,20.0°C,6.0,N/A,N/A,N/A,N/A,N/A
2025-05-11T09:31:08.860191+07:00,Hải Phòng,47,/dl/web/weather/ic-w-01-clear-sky-full.svg,14.8 km/h,83%,21.1°C,8.5,N/A,N/A,N/A,N/A,N/A
2025-05-11T10:36:05.284546+07:00,Hải Phòng,53,/dl/web/weather/ic-w-01-clear-sky-full.svg,11.1 km/h,78%,21.1°C,10.0,N/A,N/A,N/A,N/A,N/A
2025-05-11T11:11:50.922735+07:00,Hải Phòng,55,/dl/web/weather/ic-w-01-clear-sky-full.svg,14.8 km/h,69%,22.8°C,11.0,N/A,N/A,N/A,N/A,N/A
2025-05-11T12:01:27.172251+07:00,Hải Phòng,55,/dl/web/weather/ic-w-01-clear-sky-full.svg,9.2 km/h,64%,22.8°C,11.0,N/A,N/A,N/A,N/A,N/A
2025-05-11T13:11:06.746282+07:00,Hải Phòng,50,/dl/web/weather/ic-w-02-new-clouds-full.svg,11.1 km/h,61%,23.9°C,9.0,N/A,N/A,N/A,N/A,N/A
2025-05-11T14:01:17.916856+07:00,Hải Phòng,47,/dl/web/weather/ic-w-02-new-clouds-full.svg,11.1 km/h,61%,23.9°C,8.5,N/A,N/A,N/A,N/A,N/A
2025-05-11T15:10:22.678617+07:00,Hải Phòng,53,/dl/web/weather/ic-w-01-clear-sky-full.svg,3.7 km/h,57%,26.1°C,10.0,N/A,N/A,N/A,N/A,N/A
2025-05-11T16:01:27.652805+07:00,Hải Phòng,53,/dl/web/weather/ic-w-04-scattered-clouds-full.svg,5.5 km/h,53%,25.0°C,10.0,N/A,N/A,N/A,N/A,N/A
2025-05-11T17:01:32.813245+07:00,Hải Phòng,57,/dl/web/weather/ic-w-01-clear-sky-full.svg,3.7 km/h,57%,26.1°C,12.5,N/A,N/A,N/A,N/A,N/A
2025-05-11T18:01:30.031913+07:00,Hải Phòng,59,/dl/web/weather/ic-w-01-clear-sky-full.svg,3.7 km/h,53%,25.0°C,13.5,N/A,N/A,N/A,N/A,N/A
2025-05-11T19:13:14.336799+07:00,Hải Phòng,66,/dl/web/weather/ic-w-10-night-clear-sky-full.svg,11.1 km/h,60%,22.8°C,17.0,N/A,N/A,N/A,N/A,N/A
2025-05-11T20:16:36.278852+07:00,Hải Phòng,69,/dl/web/weather/ic-w-10-night-clear-sky-full.svg,5.5 km/h,64%,22.2°C,19.0,N/A,N/A,N/A,N/A,N/A
2025-05-11T21:01:27.072067+07:00,Hải Phòng,64,/dl/web/weather/ic-w-10-night-clear-sky-full.svg,5.5 km/h,64%,22.2°C,16.0,N/A,N/A,N/A,N/A,N/A
2025-05-11T22:01:21.457752+07:00,Hải Phòng,69,/dl/web/weather/ic-w-10-night-clear-sky-full.svg,7.4 km/h,64%,22.2°C,18.5,N/A,N/A,N/A,N/A,N/A
2025-05-11T23:01:26.458580+07:00,Hải Phòng,66,/dl/web/weather/ic-w-10-night-clear-sky-full.svg,5.5 km/h,64%,22.2°C,17.0,N/A,N/A,N/A,N/A,N/A
2025-05-12T00:01:19.115992+07:00,Hải Phòng,65,/dl/web/weather/ic-w-10-night-clear-sky-full.svg,5.5 km/h,64%,22.8°C,16.5,N/A,N/A,N/A,N/A,N/A
2025-05-12T01:09:59.380157+07:00,Hải Phòng,70,/dl/web/weather/ic-w-10-night-clear-sky-full.svg,3.7 km/h,68%,21.1°C,19.5,N/A,N/A,N/A,N/A,N/A
2025-05-12T02:01:12.231914+07:00,Hải Phòng,70,/dl/web/weather/ic-w-10-night-clear-sky-full.svg,3.7 km/h,68%,21.1°C,19.5,N/A,N/A,N/A,N/A,N/A
2025-05-12T03:01:16.616212+07:00,Hải Phòng,73,/dl/web/weather/ic-w-10-night-clear-sky-full.svg,0.0 km/h,83%,20.0°C,21.0,N/A,N/A,N/A,N/A,N/A
2025-05-12T04:01:30.152357+07:00,Hải Phòng,82,/dl/web/weather/ic-w-10-night-clear-sky-full.svg,3.7 km/h,73%,21.1°C,25.5,N/A,N/A,N/A,N/A,N/A
2025-05-12T05:01:14.457599+07:00,Hải Phòng,96,/dl/web/weather/ic-w-10-night-clear-sky-full.svg,3.7 km/h,73%,21.1°C,33.5,N/A,N/A,N/A,N/A,N/A
2025-05-12T06:01:14.723208+07:00,Hải Phòng,111,/dl/web/weather/ic-w-10-night-clear-sky-full.svg,5.5 km/h,73%,21.1°C,39.5,N/A,N/A,N/A,N/A,N/A
2025-05-12T07:43:09.178608+07:00,Hải Phòng,103,/dl/web/weather/ic-w-01-clear-sky-full.svg,3.7 km/h,78%,22.2°C,36.5,N/A,N/A,N/A,N/A,N/A
2025-05-12T09:29:26.435887+07:00,Hải Phòng,71,/dl/web/weather/ic-w-01-clear-sky-full.svg,5.5 km/h,51%,27.2°C,20.0,N/A,N/A,N/A,N/A,N/A
2025-05-12T10:36:55.541100+07:00,Hải Phòng,66,/dl/web/weather/ic-w-01-clear-sky-full.svg,9.2 km/h,36%,27.2°C,17.0,N/A,N/A,N/A,N/A,N/A
2025-05-12T11:13:53.365552+07:00,Hải Phòng,68,/dl/web/weather/ic-w-01-clear-sky-full.svg,7.4 km/h,42%,27.8°C,18.0,N/A,N/A,N/A,N/A,N/A
2025-05-12T12:09:59.151657+07:00,Hải Phòng,66,/dl/web/weather/ic-w-01-clear-sky-full.svg,11.1 km/h,45%,27.8°C,17.0,N/A,N/A,N/A,N/A,N/A
2025-05-12T13:13:32.293543+07:00,Hải Phòng,65,/dl/web/weather/ic-w-01-clear-sky-full.svg,13.0 km/h,45%,27.8°C,16.5,N/A,N/A,N/A,N/A,N/A
2025-05-12T14:01:35.146529+07:00,Hải Phòng,65,/dl/web/weather/ic-w-01-clear-sky-full.svg,18.5 km/h,45%,27.8°C,16.5,N/A,N/A,N/A,N/A,N/A
2025-05-12T15:01:28.405964+07:00,Hải Phòng,62,/dl/web/weather/ic-w-01-clear-sky-full.svg,18.5 km/h,45%,27.8°C,15.0,N/A,N/A,N/A,N/A,N/A
2025-05-12T16:10:33.069450+07:00,Hải Phòng,64,/dl/web/weather/ic-w-01-clear-sky-full.svg,18.5 km/h,51%,27.8°C,16.0,N/A,N/A,N/A,N/A,N/A
2025-05-12T17:01:33.798231+07:00,Hải Phòng,65,/dl/web/weather/ic-w-01-clear-sky-full.svg,18.5 km/h,51%,27.8°C,16.5,N/A,N/A,N/A,N/A,N/A
2025-05-12T18:01:25.402883+07:00,Hải Phòng,67,/dl/web/weather/ic-w-01-clear-sky-full.svg,13.5 km/h,59%,25.0°C,17.5,N/A,N/A,N/A,N/A,N/A
2025-05-12T19:15:52.664973+07:00,Hải Phòng,68,/dl/web/weather/ic-w-10-night-clear-sky-full.svg,10.8 km/h,66%,23.9°C,18.0,N/A,N/A,N/A,N/A,N/A
2025-05-12T20:24:41.040755+07:00,Hải Phòng,62,/dl/web/weather/ic-w-10-night-clear-sky-full.svg,9.7 km/h,73%,22.8°C,15.0,N/A,N/A,N/A,N/A,N/A
2025-05-12T21:09:37.786564+07:00,Hải Phòng,69,/dl/web/weather/ic-w-10-night-clear-sky-full.svg,8.7 km/h,77%,22.2°C,19.0,N/A,N/A,N/A,N/A,N/A
2025-05-12T22:09:16.257776+07:00,Hải Phòng,60,/dl/web/weather/ic-w-10-night-clear-sky-full.svg,8.4 km/h,80%,22.2°C,14.0,N/A,N/A,N/A,N/A,N/A
2025-05-12T23:10:58.943717+07:00,Hải Phòng,69,/dl/web/weather/ic-w-10-night-clear-sky-full.svg,7.4 km/h,80%,22.2°C,18.5,N/A,N/A,N/A,N/A,N/A
2025-05-13T00:01:16.570092+07:00,Hải Phòng,84,/dl/web/weather/ic-w-10-night-clear-sky-full.svg,7.4 km/h,80%,22.2°C,27.0,N/A,N/A,N/A,N/A,N/A
2025-05-13T01:12:03.030198+07:00,Hải Phòng,71,/dl/web/weather/ic-w-10-night-clear-sky-full.svg,6.0 km/h,76%,22.2°C,20.0,N/A,N/A,N/A,N/A,N/A
2025-05-13T02:01:29.744772+07:00,Hải Phòng,75,/dl/web/weather/ic-w-10-night-clear-sky-full.svg,6.0 km/h,76%,22.2°C,22.0,N/A,N/A,N/A,N/A,N/A
2025-05-13T03:01:19.061871+07:00,Hải Phòng,75,/dl/web/weather/ic-w-11-night-few-clouds-full.svg,6.4 km/h,77%,22.2°C,22.0,N/A,N/A,N/A,N/A,N/A
2025-05-13T04:01:16.243358+07:00,Hải Phòng,84,/dl/web/weather/ic-w-10-night-clear-sky-full.svg,7.1 km/h,77%,22.2°C,27.0,N/A,N/A,N/A,N/A,N/A
2025-05-13T05:08:08.936096+07:00,Hải Phòng,81,/dl/web/weather/ic-w-10-night-clear-sky-full.svg,8.5 km/h,77%,21.1°C,25.0,N/A,N/A,N/A,N/A,N/A
2025-05-13T06:01:37.089591+07:00,Hải Phòng,79,/dl/web/weather/ic-w-01-clear-sky-full.svg,7.9 km/h,77%,22.2°C,24.0,N/A,N/A,N/A,N/A,N/A
2025-05-13T07:41:03.812882+07:00,Hải Phòng,85,/dl/web/weather/ic-w-01-clear-sky-full.svg,10.0 km/h,68%,23.9°C,27.5,N/A,N/A,N/A,N/A,N/A
2025-05-13T09:27:56.626254+07:00,Hải Phòng,77,/dl/web/weather/ic-w-01-clear-sky-full.svg,14.0 km/h,63%,27.2°C,23.0,N/A,N/A,N/A,N/A,N/A
2025-05-13T11:12:28.174287+07:00,Hải Phòng,66,/dl/web/weather/ic-w-04-scattered-clouds-full.svg,17.5 km/h,58%,28.9°C,17.0,N/A,N/A,N/A,N/A,N/A
2025-05-13T12:09:34.335212+07:00,Hải Phòng,64,/dl/web/weather/ic-w-04-scattered-clouds-full.svg,19.3 km/h,58%,28.9°C,16.0,N/A,N/A,N/A,N/A,N/A
2025-05-13T13:12:52.048206+07:00,Hải Phòng,62,/dl/web/weather/ic-w-04-scattered-clouds-full.svg,18.5 km/h,58%,28.9°C,15.0,N/A,N/A,N/A,N/A,N/A
2025-05-13T14:09:51.377308+07:00,Hải Phòng,60,/dl/web/weather/ic-w-04-scattered-clouds-full.svg,19.2 km/h,58%,28.9°C,14.0,N/A,N/A,N/A,N/A,N/A
2025-05-13T15:12:34.227340+07:00,Hải Phòng,58,/dl/web/weather/ic-w-04-scattered-clouds-full.svg,19.0 km/h,61%,28.9°C,13.0,N/A,N/A,N/A,N/A,N/A
2025-05-13T16:09:58.979310+07:00,Hải Phòng,62,/dl/web/weather/ic-w-02-new-clouds-full.svg,18.8 km/h,65%,27.8°C,15.0,N/A,N/A,N/A,N/A,N/A
2025-05-13T17:01:27.341397+07:00,Hải Phòng,62,/dl/web/weather/ic-w-02-new-clouds-full.svg,17.7 km/h,71%,27.2°C,15.0,N/A,N/A,N/A,N/A,N/A
2025-05-13T18:01:27.499045+07:00,Hải Phòng,64,/dl/web/weather/ic-w-02-new-clouds-full.svg,17.7 km/h,71%,27.2°C,16.0,N/A,N/A,N/A,N/A,N/A
2025-05-13T19:16:00.813801+07:00,Hải Phòng,66,/dl/web/weather/ic-w-04-scattered-clouds-full.svg,12.9 km/h,86%,25.0°C,17.0,N/A,N/A,N/A,N/A,N/A
2025-05-13T20:25:13.215920+07:00,Hải Phòng,68,/dl/web/weather/ic-w-10-night-clear-sky-full.svg,10.6 km/h,92%,23.9°C,18.0,N/A,N/A,N/A,N/A,N/A
2025-05-13T21:01:17.096748+07:00,Hải Phòng,68,/dl/web/weather/ic-w-10-night-clear-sky-full.svg,10.6 km/h,92%,23.9°C,18.0,N/A,N/A,N/A,N/A,N/A
2025-05-13T22:02:00.961258+07:00,Hải Phòng,68,/dl/web/weather/ic-w-10-night-clear-sky-full.svg,9.7 km/h,93%,23.9°C,18.0,N/A,N/A,N/A,N/A,N/A
2025-05-13T23:10:40.784357+07:00,Hải Phòng,67,/dl/web/weather/ic-w-10-night-clear-sky-full.svg,8.4 km/h,94%,23.9°C,17.5,N/A,N/A,N/A,N/A,N/A
2025-05-14T00:01:42.734796+07:00,Hải Phòng,66,/dl/web/weather/ic-w-10-night-clear-sky-full.svg,7.4 km/h,94%,23.9°C,17.0,N/A,N/A,N/A,N/A,N/A
2025-05-14T01:12:00.069133+07:00,Hải Phòng,66,/dl/web/weather/ic-w-10-night-clear-sky-full.svg,6.1 km/h,94%,23.9°C,17.0,N/A,N/A,N/A,N/A,N/A
2025-05-14T02:01:38.507685+07:00,Hải Phòng,69,/dl/web/weather/ic-w-04-scattered-clouds-full.svg,6.9 km/h,95%,22.8°C,19.0,N/A,N/A,N/A,N/A,N/A
2025-05-14T03:01:24.332455+07:00,Hải Phòng,66,/dl/web/weather/ic-w-04-scattered-clouds-full.svg,6.9 km/h,95%,22.8°C,17.0,N/A,N/A,N/A,N/A,N/A
2025-05-14T04:08:10.093616+07:00,Hải Phòng,67,/dl/web/weather/ic-w-11-night-few-clouds-full.svg,6.9 km/h,95%,22.8°C,17.5,N/A,N/A,N/A,N/A,N/A
2025-05-14T05:01:34.063646+07:00,Hải Phòng,65,/dl/web/weather/ic-w-11-night-few-clouds-full.svg,6.3 km/h,95%,22.8°C,16.5,N/A,N/A,N/A,N/A,N/A
2025-05-14T06:01:36.141304+07:00,Hải Phòng,60,/dl/web/weather/ic-w-02-new-clouds-full.svg,5.1 km/h,93%,23.9°C,14.0,N/A,N/A,N/A,N/A,N/A
2025-05-14T07:40:27.610120+07:00,Hải Phòng,71,/dl/web/weather/ic-w-02-new-clouds-full.svg,6.9 km/h,85%,26.1°C,20.0,N/A,N/A,N/A,N/A,N/A
2025-05-14T09:26:27.176902+07:00,Hải Phòng,58,/dl/web/weather/ic-w-04-scattered-clouds-full.svg,12.4 km/h,77%,27.2°C,13.0,N/A,N/A,N/A,N/A,N/A
2025-05-14T10:34:37.619251+07:00,Hải Phòng,54,/dl/web/weather/ic-w-04-scattered-clouds-full.svg,13.8 km/h,76%,27.8°C,10.5,N/A,N/A,N/A,N/A,N/A
2025-05-14T11:12:36.216517+07:00,Hải Phòng,55,/dl/web/weather/ic-w-04-scattered-clouds-full.svg,14.3 km/h,74%,27.8°C,11.0,N/A,N/A,N/A,N/A,N/A
2025-05-14T12:09:43.828959+07:00,Hải Phòng,47,/dl/web/weather/ic-w-04-scattered-clouds-full.svg,15.6 km/h,69%,28.9°C,8.5,N/A,N/A,N/A,N/A,N/A
2025-05-14T13:12:53.374672+07:00,Hải Phòng,47,/dl/web/weather/ic-w-04-scattered-clouds-full.svg,16.1 km/h,67%,28.9°C,8.5,N/A,N/A,N/A,N/A,N/A
2025-05-14T14:01:24.481756+07:00,Hải Phòng,44,/dl/web/weather/ic-w-04-scattered-clouds-full.svg,16.1 km/h,67%,28.9°C,8.0,N/A,N/A,N/A,N/A,N/A
2025-05-14T15:12:48.223881+07:00,Hải Phòng,36,/dl/web/weather/ic-w-04-scattered-clouds-full.svg,17.9 km/h,68%,28.9°C,6.5,N/A,N/A,N/A,N/A,N/A
2025-05-14T16:09:51.073217+07:00,Hải Phòng,42,/dl/web/weather/ic-w-04-scattered-clouds-full.svg,17.2 km/h,72%,28.9°C,7.5,N/A,N/A,N/A,N/A,N/A
2025-05-14T17:01:23.456121+07:00,Hải Phòng,42,/dl/web/weather/ic-w-04-scattered-clouds-full.svg,17.2 km/h,72%,28.9°C,7.5,N/A,N/A,N/A,N/A,N/A
2025-05-14T18:01:21.260718+07:00,Hải Phòng,42,/dl/web/weather/ic-w-04-scattered-clouds-full.svg,15.4 km/h,77%,27.8°C,7.5,N/A,N/A,N/A,N/A,N/A
2025-05-14T19:15:52.029587+07:00,Hải Phòng,42,/dl/web/weather/ic-w-04-scattered-clouds-full.svg,9.8 km/h,89%,25.0°C,7.5,N/A,N/A,N/A,N/A,N/A
2025-05-14T20:23:15.408216+07:00,Hải Phòng,33,/dl/web/weather/ic-w-11-night-few-clouds-full.svg,9.0 km/h,90%,25.0°C,6.0,N/A,N/A,N/A,N/A,N/A
2025-05-14T21:01:34.353795+07:00,Hải Phòng,33,/dl/web/weather/ic-w-11-night-few-clouds-full.svg,9.7 km/h,91%,25.0°C,6.0,N/A,N/A,N/A,N/A,N/A
2025-05-14T22:01:24.056766+07:00,Hải Phòng,36,/dl/web/weather/ic-w-11-night-few-clouds-full.svg,9.7 km/h,91%,25.0°C,6.5,N/A,N/A,N/A,N/A,N/A
2025-05-14T23:10:43.915945+07:00,Hải Phòng,33,/dl/web/weather/ic-w-10-night-clear-sky-full.svg,10.0 km/h,93%,25.0°C,6.0,N/A,N/A,N/A,N/A,N/A
2025-05-15T00:01:32.421929+07:00,Hải Phòng,31,/dl/web/weather/ic-w-10-night-clear-sky-full.svg,9.0 km/h,93%,23.9°C,5.5,N/A,N/A,N/A,N/A,N/A
2025-05-15T01:11:25.759889+07:00,Hải Phòng,28,/dl/web/weather/ic-w-10-night-clear-sky-full.svg,8.2 km/h,93%,23.9°C,5.0,N/A,N/A,N/A,N/A,N/A
2025-05-15T02:01:54.877434+07:00,Hải Phòng,28,/dl/web/weather/ic-w-10-night-clear-sky-full.svg,6.9 km/h,94%,23.9°C,5.0,N/A,N/A,N/A,N/A,N/A
2025-05-15T03:01:16.904091+07:00,Hải Phòng,31,/dl/web/weather/ic-w-10-night-clear-sky-full.svg,6.9 km/h,94%,23.9°C,5.5,N/A,N/A,N/A,N/A,N/A
2025-05-15T04:01:27.581637+07:00,Hải Phòng,31,/dl/web/weather/ic-w-10-night-clear-sky-full.svg,8.2 km/h,93%,23.9°C,5.5,N/A,N/A,N/A,N/A,N/A
2025-05-15T05:01:20.004881+07:00,Hải Phòng,33,/dl/web/weather/ic-w-10-night-clear-sky-full.svg,8.2 km/h,93%,23.9°C,6.0,N/A,N/A,N/A,N/A,N/A
2025-05-15T06:01:20.149070+07:00,Hải Phòng,36,/dl/web/weather/ic-w-10-night-clear-sky-full.svg,8.7 km/h,93%,23.9°C,6.5,N/A,N/A,N/A,N/A,N/A
2025-05-15T07:39:53.147251+07:00,Hải Phòng,47,/dl/web/weather/ic-w-04-scattered-clouds-full.svg,12.9 km/h,80%,26.1°C,8.5,N/A,N/A,N/A,N/A,N/A
2025-05-15T09:25:15.707449+07:00,Hải Phòng,17,/dl/web/weather/ic-w-04-scattered-clouds-full.svg,14.0 km/h,68%,28.9°C,3.0,N/A,N/A,N/A,N/A,N/A
2025-05-15T10:35:14.076502+07:00,Hải Phòng,22,/dl/web/weather/ic-w-04-scattered-clouds-full.svg,16.3 km/h,64%,30.0°C,4.0,N/A,N/A,N/A,N/A,N/A
2025-05-15T11:12:06.595706+07:00,Hải Phòng,25,/dl/web/weather/ic-w-06-rain-full.svg,18.0 km/h,61%,30.0°C,4.5,N/A,N/A,N/A,N/A,N/A
2025-05-15T12:09:42.094719+07:00,Hải Phòng,31,/dl/web/weather/ic-w-04-scattered-clouds-full.svg,19.8 km/h,60%,31.1°C,5.5,N/A,N/A,N/A,N/A,N/A
2025-05-15T13:12:57.663790+07:00,Hải Phòng,17,/dl/web/weather/ic-w-04-scattered-clouds-full.svg,18.7 km/h,59%,31.1°C,3.0,N/A,N/A,N/A,N/A,N/A
2025-05-15T14:01:19.947974+07:00,Hải Phòng,17,/dl/web/weather/ic-w-04-scattered-clouds-full.svg,18.7 km/h,59%,31.1°C,3.0,N/A,N/A,N/A,N/A,N/A
2025-05-15T15:12:41.484426+07:00,Hải Phòng,33,/dl/web/weather/ic-w-06-rain-full.svg,18.0 km/h,65%,28.9°C,6.0,N/A,N/A,N/A,N/A,N/A
2025-05-15T16:09:44.793902+07:00,Hải Phòng,33,/dl/web/weather/ic-w-06-rain-full.svg,16.6 km/h,69%,28.9°C,6.0,N/A,N/A,N/A,N/A,N/A
2025-05-15T17:01:16.138488+07:00,Hải Phòng,36,/dl/web/weather/ic-w-06-rain-full.svg,16.6 km/h,69%,28.9°C,6.5,N/A,N/A,N/A,N/A,N/A
2025-05-15T18:01:47.259766+07:00,Hải Phòng,44,/dl/web/weather/ic-w-04-scattered-clouds-full.svg,10.8 km/h,80%,27.2°C,8.0,N/A,N/A,N/A,N/A,N/A
2025-05-15T19:15:30.958191+07:00,Hải Phòng,39,/dl/web/weather/ic-w-04-scattered-clouds-full.svg,8.0 km/h,85%,26.1°C,7.0,N/A,N/A,N/A,N/A,N/A
2025-05-15T20:21:46.924451+07:00,Hải Phòng,42,/dl/web/weather/ic-w-04-scattered-clouds-full.svg,8.2 km/h,87%,26.1°C,7.5,N/A,N/A,N/A,N/A,N/A
2025-05-15T21:09:03.726625+07:00,Hải Phòng,42,/dl/web/weather/ic-w-04-scattered-clouds-full.svg,7.9 km/h,90%,26.1°C,7.5,N/A,N/A,N/A,N/A,N/A
2025-05-15T22:09:12.844721+07:00,Hải Phòng,42,/dl/web/weather/ic-w-04-scattered-clouds-full.svg,5.8 km/h,91%,26.1°C,7.5,N/A,N/A,N/A,N/A,N/A
2025-05-15T23:11:26.861991+07:00,Hải Phòng,47,/dl/web/weather/ic-w-04-scattered-clouds-full.svg,6.6 km/h,91%,25.0°C,8.5,N/A,N/A,N/A,N/A,N/A
2025-05-16T00:01:36.587516+07:00,Hải Phòng,33,/dl/web/weather/ic-w-12-night-rain-full.svg,7.1 km/h,92%,25.0°C,6.0,N/A,N/A,N/A,N/A,N/A
2025-05-16T01:12:14.706226+07:00,Hải Phòng,28,/dl/web/weather/ic-w-12-night-rain-full.svg,8.4 km/h,93%,25.0°C,5.0,N/A,N/A,N/A,N/A,N/A
2025-05-16T03:01:36.828843+07:00,Hải Phòng,36,/dl/web/weather/ic-w-12-night-rain-full.svg,8.2 km/h,92%,25.0°C,6.5,N/A,N/A,N/A,N/A,N/A
2025-05-16T04:08:03.609783+07:00,Hải Phòng,39,/dl/web/weather/ic-w-12-night-rain-full.svg,8.2 km/h,93%,25.0°C,7.0,N/A,N/A,N/A,N/A,N/A
2025-05-16T05:01:17.702370+07:00,Hải Phòng,44,/dl/web/weather/ic-w-12-night-rain-full.svg,8.2 km/h,93%,25.0°C,8.0,N/A,N/A,N/A,N/A,N/A
2025-05-16T06:08:38.303549+07:00,Hải Phòng,66,/dl/web/weather/ic-w-04-scattered-clouds-full.svg,8.5 km/h,92%,25.0°C,17.0,N/A,N/A,N/A,N/A,N/A
2025-05-16T07:41:25.432400+07:00,Hải Phòng,56,/dl/web/weather/ic-w-04-scattered-clouds-full.svg,10.0 km/h,84%,27.2°C,12.0,N/A,N/A,N/A,N/A,N/A
2025-05-16T09:27:47.341233+07:00,Hải Phòng,52,/dl/web/weather/ic-w-04-scattered-clouds-full.svg,14.5 km/h,67%,28.9°C,9.5,N/A,N/A,N/A,N/A,N/A
2025-05-16T10:36:24.401396+07:00,Hải Phòng,52,/dl/web/weather/ic-w-04-scattered-clouds-full.svg,14.8 km/h,66%,30.0°C,9.5,N/A,N/A,N/A,N/A,N/A
2025-05-16T11:13:12.196600+07:00,Hải Phòng,52,/dl/web/weather/ic-w-04-scattered-clouds-full.svg,18.0 km/h,68%,28.9°C,9.5,N/A,N/A,N/A,N/A,N/A
2025-05-16T12:09:37.095898+07:00,Hải Phòng,53,/dl/web/weather/ic-w-04-scattered-clouds-full.svg,19.3 km/h,59%,31.1°C,10.0,N/A,N/A,N/A,N/A,N/A
2025-05-16T13:12:46.351105+07:00,Hải Phòng,64,/dl/web/weather/ic-w-04-scattered-clouds-full.svg,17.9 km/h,58%,31.1°C,16.0,N/A,N/A,N/A,N/A,N/A
2025-05-16T14:09:30.233567+07:00,Hải Phòng,64,/dl/web/weather/ic-w-04-scattered-clouds-full.svg,18.2 km/h,70%,28.9°C,16.0,N/A,N/A,N/A,N/A,N/A
2025-05-16T15:12:17.123128+07:00,Hải Phòng,69,/dl/web/weather/ic-w-04-scattered-clouds-full.svg,18.3 km/h,77%,27.8°C,19.0,N/A,N/A,N/A,N/A,N/A
2025-05-16T16:09:29.294504+07:00,Hải Phòng,53,/dl/web/weather/ic-w-04-scattered-clouds-full.svg,14.5 km/h,87%,26.1°C,10.0,N/A,N/A,N/A,N/A,N/A
2025-05-16T17:09:41.428628+07:00,Hải Phòng,55,/dl/web/weather/ic-w-04-scattered-clouds-full.svg,14.8 km/h,84%,27.2°C,11.0,N/A,N/A,N/A,N/A,N/A
2025-05-16T18:01:39.340267+07:00,Hải Phòng,55,/dl/web/weather/ic-w-06-rain-full.svg,12.1 km/h,89%,26.1°C,11.0,N/A,N/A,N/A,N/A,N/A
2025-05-16T19:15:58.238854+07:00,Hải Phòng,56,/dl/web/weather/ic-w-12-night-rain-full.svg,9.3 km/h,93%,26.1°C,12.0,N/A,N/A,N/A,N/A,N/A
2025-05-16T20:22:42.183905+07:00,Hải Phòng,47,/dl/web/weather/ic-w-12-night-rain-full.svg,8.7 km/h,94%,25.0°C,8.5,N/A,N/A,N/A,N/A,N/A
2025-05-16T21:01:31.747678+07:00,Hải Phòng,47,/dl/web/weather/ic-w-12-night-rain-full.svg,8.7 km/h,94%,25.0°C,8.5,N/A,N/A,N/A,N/A,N/A
2025-05-16T22:01:22.804181+07:00,Hải Phòng,42,/dl/web/weather/ic-w-12-night-rain-full.svg,9.2 km/h,96%,25.0°C,7.5,N/A,N/A,N/A,N/A,N/A
2025-05-16T23:10:06.399427+07:00,Hải Phòng,22,/dl/web/weather/ic-w-12-night-rain-full.svg,8.2 km/h,94%,26.1°C,4.0,N/A,N/A,N/A,N/A,N/A
2025-05-17T00:01:17.669506+07:00,Hải Phòng,33,/dl/web/weather/ic-w-12-night-rain-full.svg,8.2 km/h,94%,26.1°C,6.0,N/A,N/A,N/A,N/A,N/A
2025-05-17T01:12:11.588809+07:00,Hải Phòng,39,/dl/web/weather/ic-w-12-night-rain-full.svg,8.4 km/h,95%,25.0°C,7.0,N/A,N/A,N/A,N/A,N/A
2025-05-17T02:01:22.076134+07:00,Hải Phòng,33,/dl/web/weather/ic-w-12-night-rain-full.svg,8.4 km/h,95%,25.0°C,6.0,N/A,N/A,N/A,N/A,N/A
2025-05-17T03:09:45.478502+07:00,Hải Phòng,52,/dl/web/weather/ic-w-12-night-rain-full.svg,6.9 km/h,94%,25.0°C,9.5,N/A,N/A,N/A,N/A,N/A
2025-05-17T04:01:25.177525+07:00,Hải Phòng,44,/dl/web/weather/ic-w-12-night-rain-full.svg,6.9 km/h,94%,25.0°C,8.0,N/A,N/A,N/A,N/A,N/A
2025-05-17T05:08:07.631177+07:00,Hải Phòng,33,/dl/web/weather/ic-w-04-scattered-clouds-full.svg,7.6 km/h,95%,25.0°C,6.0,N/A,N/A,N/A,N/A,N/A
2025-05-17T06:08:25.585774+07:00,Hải Phòng,33,/dl/web/weather/ic-w-04-scattered-clouds-full.svg,7.7 km/h,94%,26.1°C,6.0,N/A,N/A,N/A,N/A,N/A
2025-05-17T07:39:44.713633+07:00,Hải Phòng,28,/dl/web/weather/ic-w-04-scattered-clouds-full.svg,6.0 km/h,91%,26.1°C,5.0,N/A,N/A,N/A,N/A,N/A
2025-05-17T09:23:47.401414+07:00,Hải Phòng,28,/dl/web/weather/ic-w-04-scattered-clouds-full.svg,10.5 km/h,84%,27.2°C,5.0,N/A,N/A,N/A,N/A,N/A
2025-05-17T10:31:47.331286+07:00,Hải Phòng,25,/dl/web/weather/ic-w-04-scattered-clouds-full.svg,9.8 km/h,87%,26.1°C,4.5,N/A,N/A,N/A,N/A,N/A
2025-05-17T11:10:24.592309+07:00,Hải Phòng,25,/dl/web/weather/ic-w-04-scattered-clouds-full.svg,10.1 km/h,84%,27.2°C,4.5,N/A,N/A,N/A,N/A,N/A
2025-05-17T12:01:26.647654+07:00,Hải Phòng,25,/dl/web/weather/ic-w-04-scattered-clouds-full.svg,13.4 km/h,77%,27.8°C,4.5,N/A,N/A,N/A,N/A,N/A
2025-05-17T13:11:21.329150+07:00,Hải Phòng,33,/dl/web/weather/ic-w-04-scattered-clouds-full.svg,15.3 km/h,67%,30.0°C,6.0,N/A,N/A,N/A,N/A,N/A
2025-05-17T14:01:17.563490+07:00,Hải Phòng,33,/dl/web/weather/ic-w-04-scattered-clouds-full.svg,15.3 km/h,67%,30.0°C,6.0,N/A,N/A,N/A,N/A,N/A
2025-05-17T15:10:28.627407+07:00,Hải Phòng,28,/dl/web/weather/ic-w-04-scattered-clouds-full.svg,15.6 km/h,79%,27.8°C,5.0,N/A,N/A,N/A,N/A,N/A
2025-05-17T16:07:59.135430+07:00,Hải Phòng,31,/dl/web/weather/ic-w-04-scattered-clouds-full.svg,17.4 km/h,71%,28.9°C,5.5,N/A,N/A,N/A,N/A,N/A
2025-05-17T17:01:38.543261+07:00,Hải Phòng,31,/dl/web/weather/ic-w-04-scattered-clouds-full.svg,16.6 km/h,74%,28.9°C,5.5,N/A,N/A,N/A,N/A,N/A
2025-05-17T18:01:32.519039+07:00,Hải Phòng,33,/dl/web/weather/ic-w-04-scattered-clouds-full.svg,16.6 km/h,74%,28.9°C,6.0,N/A,N/A,N/A,N/A,N/A
2025-05-17T19:13:33.555093+07:00,Hải Phòng,50,/dl/web/weather/ic-w-04-scattered-clouds-full.svg,11.1 km/h,91%,26.1°C,9.0,N/A,N/A,N/A,N/A,N/A
2025-05-17T20:17:08.593479+07:00,Hải Phòng,42,/dl/web/weather/ic-w-04-scattered-clouds-full.svg,11.4 km/h,95%,26.1°C,7.5,N/A,N/A,N/A,N/A,N/A
2025-05-17T21:01:31.005470+07:00,Hải Phòng,42,/dl/web/weather/ic-w-11-night-few-clouds-full.svg,10.3 km/h,96%,25.0°C,7.5,N/A,N/A,N/A,N/A,N/A
2025-05-17T22:01:22.386899+07:00,Hải Phòng,44,/dl/web/weather/ic-w-11-night-few-clouds-full.svg,10.3 km/h,96%,25.0°C,8.0,N/A,N/A,N/A,N/A,N/A
2025-05-17T23:08:41.750014+07:00,Hải Phòng,53,/dl/web/weather/ic-w-04-scattered-clouds-full.svg,9.8 km/h,96%,25.0°C,10.0,N/A,N/A,N/A,N/A,N/A
2025-05-18T00:01:16.708924+07:00,Hải Phòng,53,/dl/web/weather/ic-w-04-scattered-clouds-full.svg,9.8 km/h,96%,25.0°C,10.0,N/A,N/A,N/A,N/A,N/A
2025-05-18T01:10:12.371419+07:00,Hải Phòng,22,/dl/web/weather/ic-w-04-scattered-clouds-full.svg,8.9 km/h,97%,25.0°C,4.0,N/A,N/A,N/A,N/A,N/A
2025-05-18T02:01:20.911921+07:00,Hải Phòng,22,/dl/web/weather/ic-w-04-scattered-clouds-full.svg,8.9 km/h,97%,25.0°C,4.0,N/A,N/A,N/A,N/A,N/A
2025-05-18T03:01:29.869888+07:00,Hải Phòng,25,/dl/web/weather/ic-w-04-scattered-clouds-full.svg,5.8 km/h,96%,25.0°C,4.5,N/A,N/A,N/A,N/A,N/A
2025-05-18T04:01:32.796796+07:00,Hải Phòng,17,/dl/web/weather/ic-w-04-scattered-clouds-full.svg,5.1 km/h,95%,25.0°C,3.0,N/A,N/A,N/A,N/A,N/A
2025-05-18T05:01:22.429431+07:00,Hải Phòng,17,/dl/web/weather/ic-w-04-scattered-clouds-full.svg,5.1 km/h,95%,25.0°C,3.0,N/A,N/A,N/A,N/A,N/A
2025-05-18T06:01:20.773383+07:00,Hải Phòng,19,/dl/web/weather/ic-w-04-scattered-clouds-full.svg,2.9 km/h,95%,25.0°C,3.5,N/A,N/A,N/A,N/A,N/A
2025-05-18T07:44:23.365783+07:00,Hải Phòng,39,/dl/web/weather/ic-w-04-scattered-clouds-full.svg,5.6 km/h,83%,27.2°C,7.0,N/A,N/A,N/A,N/A,N/A
2025-05-18T09:39:43.080749+07:00,Hải Phòng,55,/dl/web/weather/ic-w-04-scattered-clouds-full.svg,12.6 km/h,70%,30.0°C,11.5,N/A,N/A,N/A,N/A,N/A
2025-05-18T10:38:38.032465+07:00,Hải Phòng,56,/dl/web/weather/ic-w-04-scattered-clouds-full.svg,15.6 km/h,70%,30.0°C,12.0,N/A,N/A,N/A,N/A,N/A
2025-05-18T11:15:05.018414+07:00,Hải Phòng,60,/dl/web/weather/ic-w-04-scattered-clouds-full.svg,16.7 km/h,66%,30.0°C,14.0,N/A,N/A,N/A,N/A,N/A
2025-05-18T12:01:24.911896+07:00,Hải Phòng,60,/dl/web/weather/ic-w-04-scattered-clouds-full.svg,16.7 km/h,66%,30.0°C,14.0,N/A,N/A,N/A,N/A,N/A
2025-05-18T13:11:42.769471+07:00,Hải Phòng,62,/dl/web/weather/ic-w-04-scattered-clouds-full.svg,15.0 km/h,65%,31.1°C,15.0,N/A,N/A,N/A,N/A,N/A
2025-05-18T14:01:26.649398+07:00,Hải Phòng,60,/dl/web/weather/ic-w-04-scattered-clouds-full.svg,15.0 km/h,65%,31.1°C,14.0,N/A,N/A,N/A,N/A,N/A
2025-05-18T15:01:15.058493+07:00,Hải Phòng,64,/dl/web/weather/ic-w-04-scattered-clouds-full.svg,18.0 km/h,73%,28.9°C,16.0,N/A,N/A,N/A,N/A,N/A
2025-05-18T16:01:12.268843+07:00,Hải Phòng,62,/dl/web/weather/ic-w-04-scattered-clouds-full.svg,18.5 km/h,75%,28.9°C,15.0,N/A,N/A,N/A,N/A,N/A
2025-05-18T17:01:30.677793+07:00,Hải Phòng,63,/dl/web/weather/ic-w-04-scattered-clouds-full.svg,17.5 km/h,78%,27.8°C,15.5,N/A,N/A,N/A,N/A,N/A
2025-05-18T18:01:17.137621+07:00,Hải Phòng,62,/dl/web/weather/ic-w-04-scattered-clouds-full.svg,17.5 km/h,78%,27.8°C,15.0,N/A,N/A,N/A,N/A,N/A
2025-05-18T19:13:41.778929+07:00,Hải Phòng,59,/dl/web/weather/ic-w-12-night-rain-full.svg,9.7 km/h,93%,26.1°C,13.5,N/A,N/A,N/A,N/A,N/A
2025-05-18T20:17:13.166352+07:00,Hải Phòng,57,/dl/web/weather/ic-w-12-night-rain-full.svg,8.4 km/h,95%,26.1°C,12.5,N/A,N/A,N/A,N/A,N/A
